table;description;param;class;combined_text
bha_run;Журнал работы бурового инструмента (BHA);{'well_id': 'ID скважины', 'interval_from/to': 'Интервал бурения (м)', 'chisel_type/size': 'Тип/размер долота', 'nnd_min/max/avg': 'Мин/макс/средняя нагрузка на долото (тс)', 'pressure_min/max': 'Давление (атм)', 'time_duration_hours': 'Продолжительность работы (часы)'};Техпараметры бурения;журнал работы бурового инструмента (bha) well_id id скважины interval_from to интервал бурения (м) chisel_type size тип размер долота nnd_min max avg мин макс средняя нагрузка на долото (тс) pressure_min max давление (атм) time_duration_hours продолжительность работы (часы) техпараметры бурения
auto_drilling_program_stage;Этапы автоматизированной программы бурения;{'depth_from/to': 'Глубина начала/окончания этапа (м)', 'type': 'Тип этапа (бурение, проходка и т.д.)'};Управление бурением;этапы автоматизированной программы бурения depth_from to глубина начала окончания этапа (м) type тип этапа (бурение, проходка и т.д.) управление бурением
auto_drilling_program;Программы автоматического бурения;{'well_id': 'ID скважины', 'depth_from/to': 'Целевой интервал (м)', 'status': 'Статус программы'};Управление бурением;программы автоматического бурения well_id id скважины depth_from to целевой интервал (м) status статус программы управление бурением
drilling_parameter;Параметры бурения в реальном времени;{'rop_average': 'Средняя скорость проходки (м/ч)', 'torque_max': 'Максимальный крутящий момент (кН·м)', 'rpm_max': 'Максимальные обороты (об/мин)'};Техпараметры бурения;параметры бурения в реальном времени rop_average средняя скорость проходки (м ч) torque_max максимальный крутящий момент (кн·м) rpm_max максимальные обороты (об мин) техпараметры бурения
operation;Журнал операций по скважине;{'operation_type': 'Тип операции (бурение, спуск и т.д.)', 'start_depth': 'Глубина начала (м)', 'duration': 'Длительность (часы)'};Мониторинг;журнал операций по скважине operation_type тип операции (бурение, спуск и т.д.) start_depth глубина начала (м) duration длительность (часы) мониторинг
chisel_working_off;Отработка долот;{'mechanical_speed': 'Механическая скорость (м/ч)', 'rise_reason': 'Причина подъема (износ, авария)'};Инструмент;отработка долот mechanical_speed механическая скорость (м ч) rise_reason причина подъема (износ, авария) инструмент
drilling_liquor_movements;Учет движения бурового раствора;{'volume_start/end': 'Объем раствора на начало/конец (м³)', 'absorbed': 'Поглощения (м³)'};Буровые растворы;учет движения бурового раствора volume_start end объем раствора на начало конец (м³) absorbed поглощения (м³) буровые растворы
day_information;Суточная сводка по скважине;{'temperature_min/max': 'Температура (°C)', 'next_day_plan': 'План работ'};Отчетность;суточная сводка по скважине temperature_min max температура (°c) next_day_plan план работ отчетность
ggd_fact;Фактические данные ГГД (гидродинамических исследований);{'rop': 'Скорость проходки (м/ч)', 'bottomhole': 'Забойные условия'};ГИС;фактические данные ггд (гидродинамических исследований) rop скорость проходки (м ч) bottomhole забойные условия гис
ggd_elements;Элементы ГГД-исследований;{'work_type': 'Тип работы (испытание, опрессовка)', 'msp': 'Забойное давление (атм)'};ГИС;элементы ггд-исследований work_type тип работы (испытание, опрессовка) msp забойное давление (атм) гис
incidents;Инциденты при бурении;{'start_depth': 'Глубина начала инцидента (м)', 'taken_action': 'Принятые меры'};Аварии;инциденты при бурении start_depth глубина начала инцидента (м) taken_action принятые меры аварии
regulation;Нормативы бурения;{'drilling_time_per_meter': 'Норма времени на метр (часы)', 'spo_standard_for_interval_in_hours': 'Норма СПО на интервал'};Нормативы;нормативы бурения drilling_time_per_meter норма времени на метр (часы) spo_standard_for_interval_in_hours норма спо на интервал нормативы
technical_maintenance_work;Техническое обслуживание;{'duration_hours': 'Длительность ТО (часы)', 'status': 'Статус (выполнено/запланировано)'};Оборудование;техническое обслуживание duration_hours длительность то (часы) status статус (выполнено запланировано) оборудование
well_calendar_schedule;Календарный график строительства скважины;{'start_plan/end_plan': 'Плановые даты начала/окончания', 'days_count_plan': 'Плановая продолжительность (дни)'};Планирование;календарный график строительства скважины start_plan end_plan плановые даты начала окончания days_count_plan плановая продолжительность (дни) планирование
well_calendar_schedule_item;Пункты календарного графика;{'casing_column': 'Обсадная колонна', 'assimilation_work_category': 'Категория работ'};Планирование;пункты календарного графика casing_column обсадная колонна assimilation_work_category категория работ планирование
well_construction_plan;План конструкции скважины;{'open_hole_diameter': 'Диаметр ствола (мм)', 'cement_slurry_lifting_height_from/to': 'Интервал цементирования (м)'};Проектные данные;план конструкции скважины open_hole_diameter диаметр ствола (мм) cement_slurry_lifting_height_from to интервал цементирования (м) проектные данные
well_construction_actual;Фактические данные по конструкции скважины;{'casing_lowering_interval_from/to': 'Интервал спуска колонны (м)', 'mkd': 'Измеренная глубина (м)'};Мониторинг;фактические данные по конструкции скважины casing_lowering_interval_from to интервал спуска колонны (м) mkd измеренная глубина (м) мониторинг
well_drilling_plan_templates;Шаблоны программ бурения;{'well_type': 'Тип скважины (вертикальная/горизонтальная)', 'content': 'Содержание шаблона'};Управление бурением;шаблоны программ бурения well_type тип скважины (вертикальная горизонтальная) content содержание шаблона управление бурением
well_introductory;Вводные данные по скважине;{'date_plan/fact': 'Плановая/фактическая дата ввода', 'version': 'Версия данных'};Администрирование;вводные данные по скважине date_plan fact плановая фактическая дата ввода version версия данных администрирование
well_status_historic;История статусов скважины;{'status': 'Статус (бурение, консервация)', 'status_date': 'Дата изменения'};Мониторинг;история статусов скважины status статус (бурение, консервация) status_date дата изменения мониторинг
work_of_special_technic;Работа спецтехники;{'vehicle_name': 'Тип техники', 'quantity': 'Количество единиц'};Логистика;работа спецтехники vehicle_name тип техники quantity количество единиц логистика
auto_drilling_asb_drm;Параметры автоматического бурения (ASB/DRM);{'manipulation_name': 'Тип операции', 'depth_start/end': 'Интервал воздействия (м)'};Управление бурением;параметры автоматического бурения (asb/drm) manipulation_name тип операции depth_start end интервал воздействия (м) управление бурением
auto_drilling_program_operation;Операции в программе автоматического бурения;{'type': 'Тип операции', 'params': 'Параметры выполнения'};Управление бурением;операции в программе автоматического бурения type тип операции params параметры выполнения управление бурением
drilling_rig;Буровые установки;"{'rig_type': ""Тип установки (например, 'LAND', 'OFFSHORE')"", 'lifting_capacity': 'Грузоподъемность (тонны)', 'manufacture_year': 'Год изготовления', 'serial_number': 'Серийный номер'}";Основное оборудование;буровые установки rig_type тип установки (например, 'land', 'offshore') lifting_capacity грузоподъемность (тонны) manufacture_year год изготовления serial_number серийный номер основное оборудование
drilling_rig_equipment;Компоненты буровой установки;{'type': 'Тип оборудования (насос, лебедка и т.д.)', 'model': 'Модель оборудования', 'permitted_service_life': 'Разрешенный срок службы (часы)'};Основное оборудование;компоненты буровой установки type тип оборудования (насос, лебедка и т.д.) model модель оборудования permitted_service_life разрешенный срок службы (часы) основное оборудование
equipmentbi;Бурильные трубы (БИ);{'outer_diameter': 'Наружный диаметр (мм)', 'inner_diameter': 'Внутренний диаметр (мм)', 'weight': 'Вес (кг/м)'};Бурильный инструмент;бурильные трубы (би) outer_diameter наружный диаметр (мм) inner_diameter внутренний диаметр (мм) weight вес (кг м) бурильный инструмент
chisel_program;Программа работы долот;"{'chisel_type': ""Тип долота (например, 'PDC', 'Tricone')"", 'axial_load': 'Осевая нагрузка (тонны)', 'mechanical_speed': 'Механическая скорость бурения (м/ч)'}";Бурильный инструмент;программа работы долот chisel_type тип долота (например, 'pdc', 'tricone') axial_load осевая нагрузка (тонны) mechanical_speed механическая скорость бурения (м ч) бурильный инструмент
knbk;Компоновки низа бурильной колонны;{'outer_diameter': 'Наружный диаметр (мм)', 'steel_grade': 'Марка стали', 'weight_per_linear_meter': 'Вес погонного метра (кг/м)'};Бурильный инструмент;компоновки низа бурильной колонны outer_diameter наружный диаметр (мм) steel_grade марка стали weight_per_linear_meter вес погонного метра (кг м) бурильный инструмент
knbk_fact_entity;Фактические данные КНБК;{'knbk_element': 'Элемент КНБК', 'length': 'Длина (м)', 'max_diameter': 'Максимальный диаметр (мм)'};Бурильный инструмент;фактические данные кнбк knbk_element элемент кнбк length длина (м) max_diameter максимальный диаметр (мм) бурильный инструмент
knbk_plan_entity;Плановые данные КНБК;{'knbk_element': 'Элемент КНБК', 'length': 'Длина (м)', 'outer_diameter': 'Наружный диаметр (мм)'};Бурильный инструмент;плановые данные кнбк knbk_element элемент кнбк length длина (м) outer_diameter наружный диаметр (мм) бурильный инструмент
casing_column_descent_protocol_elements;Элементы протокола спуска обсадных колонн;{'type': 'Тип элемента (труба, муфта и т.д.)', 'length': 'Длина (м)', 'installation_depth_from/to': 'Глубина установки от/до (м)'};Обсадные колонны;элементы протокола спуска обсадных колонн type тип элемента (труба, муфта и т.д.) length длина (м) installation_depth_from to глубина установки от до (м) обсадные колонны
casing_column_descent_protocol_groups;Группы обсадных колонн;{'casing_column': 'Тип обсадной колонны', 'casing_column_diameter': 'Диаметр колонны (мм)'};Обсадные колонны;группы обсадных колонн casing_column тип обсадной колонны casing_column_diameter диаметр колонны (мм) обсадные колонны
column_brasings;Данные о браковке обсадных труб;{'first_casing_pipe_type': 'Тип первой трубы', 'first_casing_pipe_decommissioning_length': 'Длина забракованного участка (м)'};Обсадные колонны;данные о браковке обсадных труб first_casing_pipe_type тип первой трубы first_casing_pipe_decommissioning_length длина забракованного участка (м) обсадные колонны
equipment_catching;Ловильное оборудование;{'name': 'Наименование оборудования', 'outer_diameter': 'Наружный диаметр (мм)', 'connecting_thread': 'Тип резьбы'};Аварийное оборудование;ловильное оборудование name наименование оборудования outer_diameter наружный диаметр (мм) connecting_thread тип резьбы аварийное оборудование
stowage_registers;Регистры складирования труб;{'pipe_length_with_thread': 'Длина трубы с резьбой (м)', 'certificate_number': 'Номер сертификата'};Учет оборудования;регистры складирования труб pipe_length_with_thread длина трубы с резьбой (м) certificate_number номер сертификата учет оборудования
kpo_descent_protocol_elements;Элементы протокола спуска КПО;{'name': 'Наименование элемента', 'length': 'Длина (м)', 'weight': 'Вес (кг)'};Колонные головки;элементы протокола спуска кпо name наименование элемента length длина (м) weight вес (кг) колонные головки
kpo_descent_protocol_groups;Группы КПО;{'layout_type': 'Тип компоновки', 'well_construction_stage': 'Этап строительства скважины'};Колонные головки;группы кпо layout_type тип компоновки well_construction_stage этап строительства скважины колонные головки
kpo_stowage_registers;Регистры складирования КПО;{'rack_number': 'Номер стеллажа', 'certificate_number': 'Номер сертификата'};Колонные головки;регистры складирования кпо rack_number номер стеллажа certificate_number номер сертификата колонные головки
nci_casing_equipment;Справочник оборудования обсадных колонн;{'value': 'Наименование оборудования'};Справочники;справочник оборудования обсадных колонн value наименование оборудования справочники
nci_casing_column_equipment_element;Справочник элементов обсадных колонн;{'type': 'Тип элемента', 'value': 'Наименование'};Справочники;справочник элементов обсадных колонн type тип элемента value наименование справочники
nci_knbk_elements;Справочник элементов КНБК;{'type': 'Тип элемента', 'value': 'Наименование', 'outer_diameter': 'Наружный диаметр (мм)'};Справочники;справочник элементов кнбк type тип элемента value наименование outer_diameter наружный диаметр (мм) справочники
cement_bridges;Данные о цементных мостах;{'cement_bridge_mounting_depth_from/to': 'Глубина установки моста (м)', 'lightweight_cement_volume': 'Объем легкого цемента (м³)', 'heavy_cement_volume': 'Объем тяжелого цемента (м³)', 'mounting_duration': 'Время установки (часы)'};Цементирование;данные о цементных мостах cement_bridge_mounting_depth_from to глубина установки моста (м) lightweight_cement_volume объем легкого цемента (м³) heavy_cement_volume объем тяжелого цемента (м³) mounting_duration время установки (часы) цементирование
column_brasings;Браковка обсадных колонн;{'first_casing_pipe_type': 'Тип первой трубы', 'first_casing_pipe_decommissioning_length': 'Длина забракованного участка (м)', 'actual_shoe_installation_depth': 'Фактическая глубина установки башмака (м)'};Контроль качества;браковка обсадных колонн first_casing_pipe_type тип первой трубы first_casing_pipe_decommissioning_length длина забракованного участка (м) actual_shoe_installation_depth фактическая глубина установки башмака (м) контроль качества
casing_column_descent_protocol_elements;Элементы обсадных колонн;{'type': 'Тип элемента (труба, муфта и т.д.)', 'length': 'Длина элемента (м)', 'installation_depth_from/to': 'Глубина установки (м)'};Обсадные колонны;элементы обсадных колонн type тип элемента (труба, муфта и т.д.) length длина элемента (м) installation_depth_from to глубина установки (м) обсадные колонны
casing_column_descent_protocol_groups;Группы обсадных колонн;{'casing_column': 'Тип колонны (кондуктор, эксплуатационная и т.д.)', 'casing_column_diameter': 'Диаметр колонны (мм)'};Обсадные колонны;группы обсадных колонн casing_column тип колонны (кондуктор, эксплуатационная и т.д.) casing_column_diameter диаметр колонны (мм) обсадные колонны
casing_column_descent_protocol_casing_stab;Стабилизаторы обсадных колонн;{'casing_stab_id': 'ID стабилизатора', 'casing_column_descent_protocol_id': 'ID протокола спуска'};Вспомогательные элементы;стабилизаторы обсадных колонн casing_stab_id id стабилизатора casing_column_descent_protocol_id id протокола спуска вспомогательные элементы
cement_chemical_reagents_consumptions;Расход реагентов при цементировании;{'name': 'Наименование реагента', 'expense_per_day': 'Расход в сутки (кг)', 'balance': 'Остаток (кг)'};Материалы;расход реагентов при цементировании name наименование реагента expense_per_day расход в сутки (кг) balance остаток (кг) материалы
fastening_project;Проект крепления ствола;{'casing_column_diameter': 'Диаметр колонны (мм)', 'open_hole_diameter': 'Диаметр ствола (мм)', 'buffer_liquid_density': 'Плотность буферной жидкости (г/см³)'};Проектные данные;проект крепления ствола casing_column_diameter диаметр колонны (мм) open_hole_diameter диаметр ствола (мм) buffer_liquid_density плотность буферной жидкости (г см³) проектные данные
fastening_reagents_consumption_fact;Фактический расход реагентов;{'name': 'Наименование реагента', 'expense_per_day': 'Расход в сутки (кг)', 'casing_column': 'Тип обсадной колонны'};Материалы;фактический расход реагентов name наименование реагента expense_per_day расход в сутки (кг) casing_column тип обсадной колонны материалы
fastening_reagents_consumption_normative;Нормативы расхода реагентов;{'name': 'Наименование реагента', 'value': 'Норматив расхода (кг/м)'};Нормативы;нормативы расхода реагентов name наименование реагента value норматив расхода (кг м) нормативы
project_equipment;Оборудование для крепления по проекту;{'outer_diameter': 'Наружный диаметр (мм)', 'weight': 'Вес (кг)', 'count': 'Количество'};Проектные данные;оборудование для крепления по проекту outer_diameter наружный диаметр (мм) weight вес (кг) count количество проектные данные
project_well_construction;Проектные данные конструкции скважины;{'cement_slurry_lifting_height_from/to': 'Интервал цементирования (м)', 'cavernosity_coefficient': 'Коэффициент кавернозности'};Проектные данные;проектные данные конструкции скважины cement_slurry_lifting_height_from to интервал цементирования (м) cavernosity_coefficient коэффициент кавернозности проектные данные
well_construction_plan;План конструкции скважины;{'open_hole_diameter': 'Диаметр ствола (мм)', 'threaded_connection_type': 'Тип резьбового соединения'};Планирование;план конструкции скважины open_hole_diameter диаметр ствола (мм) threaded_connection_type тип резьбового соединения планирование
liquors_actual;Фактические параметры бурового раствора;{'density': 'Плотность (г/см³)', 'viscosity': 'Вязкость (сПз)', 'ph': 'Водородный показатель (pH)', 'electrical_stability': 'Электрическая стабильность (В)', 'solid_phase': 'Содержание твердой фазы (%)'};Мониторинг параметров;фактические параметры бурового раствора density плотность (г см³) viscosity вязкость (спз) ph водородный показатель (ph) electrical_stability электрическая стабильность (в) solid_phase содержание твердой фазы (%) мониторинг параметров
liquors_plan;Плановые параметры бурового раствора;{'density_min/max': 'Минимальная/максимальная плотность (г/см³)', 'viscosity_min/max': 'Минимальная/максимальная вязкость (сПз)', 'filtration': 'Фильтрация (мл/30 мин)'};Планирование;плановые параметры бурового раствора density_min max минимальная максимальная плотность (г см³) viscosity_min max минимальная максимальная вязкость (спз) filtration фильтрация (мл 30 мин) планирование
drilling_liquor_movements;Учет движения бурового раствора;{'volume_start/end': 'Объем на начало/конец периода (м³)', 'prepared_volume': 'Приготовленный объем (м³)', 'absorbed': 'Объем поглощений (м³)'};Логистика;учет движения бурового раствора volume_start end объем на начало конец периода (м³) prepared_volume приготовленный объем (м³) absorbed объем поглощений (м³) логистика
chemical_reagents_consumption;Расход химических реагентов;{'name': 'Наименование реагента', 'expense_per_day': 'Суточный расход (кг)', 'balance': 'Остаток (кг)'};Материалы;расход химических реагентов name наименование реагента expense_per_day суточный расход (кг) balance остаток (кг) материалы
project_liquor_requirement;Потребность в растворе по проекту;{'required_amount_per_interval': 'Требуемый объем на интервал (м³)', 'probable_liquor_losses': 'Прогнозируемые потери (м³)'};Проектные данные;потребность в растворе по проекту required_amount_per_interval требуемый объем на интервал (м³) probable_liquor_losses прогнозируемые потери (м³) проектные данные
project_liquors_plan;Проектные параметры раствора;"{'liquor_type': ""Тип раствора (например, 'Полимерный')"", 'water_yield': 'Водоотдача (мл)'}";Проектные данные;проектные параметры раствора liquor_type тип раствора (например, 'полимерный') water_yield водоотдача (мл) проектные данные
technical_water;Учет технической воды;{'income_per_day': 'Поступление за сутки (м³)', 'expense_pump_into_well': 'Расход на закачку в скважину (м³)'};Ресурсы;учет технической воды income_per_day поступление за сутки (м³) expense_pump_into_well расход на закачку в скважину (м³) ресурсы
nci_liquor_types;Справочник типов буровых растворов;"{'value': ""Тип раствора (например, 'На углеводородной основе')""}";Справочники;справочник типов буровых растворов value тип раствора (например, 'на углеводородной основе') справочники
geology;Геологические данные скважины;{'core_sample_interval': 'Интервал отбора керна (м)', 'horizon': 'Горизонт', 'target_formation': 'Целевой пласт', 'expected_pressure': 'Ожидаемое давление (атм)'};Геология;геологические данные скважины core_sample_interval интервал отбора керна (м) horizon горизонт target_formation целевой пласт expected_pressure ожидаемое давление (атм) геология
geological_journal;Геологический журнал;{'bottomhole_pressure': 'Забойное давление (атм)', 'gas_debit_by_dict': 'Дебит газа по диафрагме (м³/сут)', 'liquid_debit_by_separator': 'Дебит жидкости по сепаратору (м³/сут)'};ГИС;геологический журнал bottomhole_pressure забойное давление (атм) gas_debit_by_dict дебит газа по диафрагме (м³ сут) liquid_debit_by_separator дебит жидкости по сепаратору (м³ сут) гис
project_geology;Проектные геологические данные;{'angle': 'Угол наклона (град)', 'azimuth': 'Азимут (град)', 'lithology_description': 'Литологическое описание'};Проектные данные;проектные геологические данные angle угол наклона (град) azimuth азимут (град) lithology_description литологическое описание проектные данные
knbk_gis_groups;Группы ГИС для КНБК;{'research_type': 'Тип исследования (каротаж, испытание)', 'research_interval_from/to': 'Интервал исследования (м)'};ГИС;группы гис для кнбк research_type тип исследования (каротаж, испытание) research_interval_from to интервал исследования (м) гис
knbk_gis_elements;Элементы ГИС для КНБК;{'type': 'Тип прибора', 'diameter': 'Диаметр прибора (мм)'};ГИС;элементы гис для кнбк type тип прибора diameter диаметр прибора (мм) гис
project_field_and_geophysical_research;Полевые и геофизические исследования;{'type': 'Тип исследования', 'scale': 'Масштаб'};ГИС;полевые и геофизические исследования type тип исследования scale масштаб гис
ggd_fact;Фактические данные ГГД;{'rop': 'Скорость проходки (м/ч)', 'bottomhole': 'Забойные условия'};Гидродинамика;фактические данные ггд rop скорость проходки (м ч) bottomhole забойные условия гидродинамика
ggd_elements;Элементы ГГД;{'work_type': 'Тип работы', 'msp': 'Забойное давление (атм)'};Гидродинамика;элементы ггд work_type тип работы msp забойное давление (атм) гидродинамика
ggd_plan_tree;Плановые работы ГГД;{'title': 'Наименование работы', 'type': 'Тип (испытание, опрессовка)'};Планирование;плановые работы ггд title наименование работы type тип (испытание, опрессовка) планирование
ggd_template;Шаблоны ГГД;{'work_category': 'Категория работ', 'work_type': 'Тип работ'};Шаблоны;шаблоны ггд work_category категория работ work_type тип работ шаблоны
nci_lithology;Справочник литологии;{'value': 'Тип породы', 'category': 'Категория'};Справочники;справочник литологии value тип породы category категория справочники
nci_podsvita;Справочник подстилающих пластов;{'value': 'Наименование'};Справочники;справочник подстилающих пластов value наименование справочники
nci_svita;Справочник свит;{'value': 'Наименование свиты'};Справочники;справочник свит value наименование свиты справочники
nci_wireline_logs_type;Типы каротажных исследований;{'value': 'Тип каротажа'};Справочники;типы каротажных исследований value тип каротажа справочники
calendar_schedule;Календарный график работ;{'drilling_start_plan/fact': 'План/факт начала бурения', 'assimilation_plan_days_count': 'Плановая продолжительность освоения (дни)'};Графики;календарный график работ drilling_start_plan fact план факт начала бурения assimilation_plan_days_count плановая продолжительность освоения (дни) графики
well_calendar_schedule;Календарный график по скважине;{'construction_cycle': 'Цикл строительства', 'days_count_plan': 'Плановая продолжительность (дни)'};Графики;календарный график по скважине construction_cycle цикл строительства days_count_plan плановая продолжительность (дни) графики
drilling_plans;Планы бурения;{'title': 'Наименование плана'};Планы;планы бурения title наименование плана планы
drilling_plan_revisions;Ревизии планов бурения;{'title': 'Наименование ревизии', 'drilling_plan_id': 'Ссылка на план'};Планы;ревизии планов бурения title наименование ревизии drilling_plan_id ссылка на план планы
well_field_plans;Планы месторождений;{'title': 'Наименование', 'drilling_plan_revision_id': 'Ссылка на ревизию'};Планы;планы месторождений title наименование drilling_plan_revision_id ссылка на ревизию планы
well_pad_plans;Планы кустовых площадок;{'drilling_company': 'Буровая компания', 'drilling_date_start': 'Дата начала бурения'};Планы;планы кустовых площадок drilling_company буровая компания drilling_date_start дата начала бурения планы
well_plans;Планы по скважинам;{'wellprofile_type': 'Тип профиля скважины', 'drilling_date_start': 'Дата начала бурения'};Планы;планы по скважинам wellprofile_type тип профиля скважины drilling_date_start дата начала бурения планы
well_drilling_plan_templates;Шаблоны планов бурения;{'well_type': 'Тип скважины', 'content': 'Содержание шаблона'};Шаблоны;шаблоны планов бурения well_type тип скважины content содержание шаблона шаблоны
well_pad_plan_drilling_templates;Шаблоны планов для кустовых площадок;{'title': 'Наименование шаблона'};Шаблоны;шаблоны планов для кустовых площадок title наименование шаблона шаблоны
duration_development;Нормативы продолжительности работ;{'operation_type': 'Тип операции', 'duration': 'Норматив времени (дни)'};Нормативы;нормативы продолжительности работ operation_type тип операции duration норматив времени (дни) нормативы
regulation;Технологические нормативы;{'drilling_time_per_meter': 'Норма времени на метр (часы)', 'spo_standard_for_interval_in_hours': 'Норма СПО на интервал (часы)'};Нормативы;технологические нормативы drilling_time_per_meter норма времени на метр (часы) spo_standard_for_interval_in_hours норма спо на интервал (часы) нормативы
chemical_reagents_consumption;Расход химических реагентов;{'name': 'Наименование реагента', 'expense_per_day': 'Суточный расход (кг)', 'balance': 'Остаток (кг)'};Учет;расход химических реагентов name наименование реагента expense_per_day суточный расход (кг) balance остаток (кг) учет
chemical_reagents_needs;Потребность в реагентах;{'reagent_name': 'Наименование', 'total': 'Общая потребность (кг)'};Планирование;потребность в реагентах reagent_name наименование total общая потребность (кг) планирование
cement_chemical_reagents_consumptions;Расход реагентов для цементирования;{'name': 'Наименование', 'expense_per_section': 'Расход на интервал (кг)'};Учет;расход реагентов для цементирования name наименование expense_per_section расход на интервал (кг) учет
chemical_reagent_consumption_for_development;Расход реагентов при освоении;{'reagent_name': 'Наименование', 'flow_rate': 'Расход (кг/сут)'};Учет;расход реагентов при освоении reagent_name наименование flow_rate расход (кг сут) учет
project_chemical_reagents_need;Проектная потребность в реагентах;{'chemistry_title': 'Наименование химиката', 'demands_of_components': 'Требуемое количество (кг)'};Проектные данные;проектная потребность в реагентах chemistry_title наименование химиката demands_of_components требуемое количество (кг) проектные данные
fastening_reagents_consumption_fact;Фактический расход реагентов для крепления;{'name': 'Наименование', 'expense_per_day': 'Суточный расход (кг)'};Учет;фактический расход реагентов для крепления name наименование expense_per_day суточный расход (кг) учет
fastening_reagents_consumption_normative;Нормативы расхода реагентов;{'name': 'Наименование', 'value': 'Норма расхода (кг/м)'};Нормативы;нормативы расхода реагентов name наименование value норма расхода (кг м) нормативы
nci_fastening_reagent_names;Справочник наименований реагентов;{'value': 'Наименование', 'type': 'Тип реагента'};Справочники;справочник наименований реагентов value наименование type тип реагента справочники
nci_chemical_titles;Справочник химических составов;{'value': 'Наименование', 'type': 'Тип химиката'};Справочники;справочник химических составов value наименование type тип химиката справочники
incidents;Регистрация инцидентов при бурении;{'start_depth': 'Глубина начала инцидента (м)', 'end_depth': 'Глубина окончания инцидента (м)', 'taken_action': 'Принятые меры', 'status': 'Статус (устранено/в работе)'};Аварийные ситуации;регистрация инцидентов при бурении start_depth глубина начала инцидента (м) end_depth глубина окончания инцидента (м) taken_action принятые меры status статус (устранено в работе) аварийные ситуации
journal_ot_pb_oos;Журнал нарушений ОТ, ПБ и ООС;{'type_violation': 'Тип нарушения', 'is_eliminated': 'Факт устранения', 'link_to_regulatory_document': 'Ссылка на нормативный документ'};Охрана труда;журнал нарушений от, пб и оос type_violation тип нарушения is_eliminated факт устранения link_to_regulatory_document ссылка на нормативный документ охрана труда
incident_guilty_side;Виновные стороны инцидентов;{'incident_id': 'ID инцидента', 'contractor_id': 'ID подрядчика'};Ответственные лица;виновные стороны инцидентов incident_id id инцидента contractor_id id подрядчика ответственные лица
incident_service_type;Типы сервисов для устранения инцидентов;{'incident_id': 'ID инцидента', 'service_type_id': 'ID типа сервиса'};Классификация;типы сервисов для устранения инцидентов incident_id id инцидента service_type_id id типа сервиса классификация
supervising_violation;Нарушения при надзоре;{'work_stage': 'Этап работ', 'committed_violation_organisation': 'Организация-нарушитель'};Надзор;нарушения при надзоре work_stage этап работ committed_violation_organisation организация-нарушитель надзор
nci_npv_incident_kinds;Справочник видов инцидентов НПВ;{'value': 'Вид инцидента'};Справочники;справочник видов инцидентов нпв value вид инцидента справочники
nci_hse_event_type;Типы событий HSE;{'code': 'Код события', 'value': 'Описание'};Справочники;типы событий hse code код события value описание справочники
drilling_waste;Учет буровых отходов;{'fact_bsh': 'Фактический объем бурового шлама (м³)', 'plan_jfob': 'Плановый объем ЖФОБ (м³)', 'ttn_waste_transfer': 'Номер ТТН на передачу отходов'};Отходы бурения;учет буровых отходов fact_bsh фактический объем бурового шлама (м³) plan_jfob плановый объем жфоб (м³) ttn_waste_transfer номер ттн на передачу отходов отходы бурения
waste_generation_accounting;Учет образования отходов;{'act_number': 'Номер акта', 'fact_tfob': 'Фактический объем ТФОБ (м³)', 'liquor_type': 'Тип бурового раствора'};Отходы бурения;учет образования отходов act_number номер акта fact_tfob фактический объем тфоб (м³) liquor_type тип бурового раствора отходы бурения
env_group;Группы экологических нормативов;{'name': 'Наименование группы', 'is_actual': 'Актуальность'};Нормативы;группы экологических нормативов name наименование группы is_actual актуальность нормативы
env_elements;Элементы экологических нормативов;{'work_type': 'Вид работ', 'duration': 'Норма времени (часы)', 'unit': 'Единица измерения'};Нормативы;элементы экологических нормативов work_type вид работ duration норма времени (часы) unit единица измерения нормативы
nci_env_work_standard;Стандарты экологических работ;{'value': 'Наименование стандарта', 'duration': 'Норма времени (часы)'};Справочники;стандарты экологических работ value наименование стандарта duration норма времени (часы) справочники
crew;Состав бригад;{'full_name': 'ФИО сотрудника', 'job_title': 'Должность', 'organization': 'Организация'};Персонал;состав бригад full_name фио сотрудника job_title должность organization организация персонал
contract;Договоры с подрядчиками;{'name': 'Наименование договора'};Подрядчики;договоры с подрядчиками name наименование договора подрядчики
common_report_information;Общая информация по отчетам;{'customer': 'Заказчик', 'drilling_contractor': 'Буровой подрядчик', 'supervision_contractor': 'Подрядчик по надзору'};Подрядчики;общая информация по отчетам customer заказчик drilling_contractor буровой подрядчик supervision_contractor подрядчик по надзору подрядчики
common_report_information_general_contractor_representative;Представители генерального подрядчика;{'common_report_information_id': 'ID отчета', 'contractor_id': 'ID подрядчика'};Подрядчики;представители генерального подрядчика common_report_information_id id отчета contractor_id id подрядчика подрядчики
users;Пользователи системы;{'username': 'Логин', 'organization': 'Организация', 'role_old': 'Роль в системе'};Персонал;пользователи системы username логин organization организация role_old роль в системе персонал
nci_contractor;Справочник подрядчиков;{'value': 'Наименование подрядчика'};Справочники;справочник подрядчиков value наименование подрядчика справочники
trajectory_group;Группы траекторий скважин;{'type': 'Тип траектории (проектная/фактическая)', 'wellbore': 'Номер ствола', 'revision': 'Ревизия траектории'};Траектория;группы траекторий скважин type тип траектории (проектная фактическая) wellbore номер ствола revision ревизия траектории траектория
trajectory_elements;Элементы траектории;{'po_depth': 'Глубина по стволу (м)', 'zenith_angle': 'Зенитный угол (град)', 'azimuth': 'Азимут (град)', 'vertical_depth': 'Вертикальная глубина (м)'};Траектория;элементы траектории po_depth глубина по стволу (м) zenith_angle зенитный угол (град) azimuth азимут (град) vertical_depth вертикальная глубина (м) траектория
markscheider_info;Маркшейдерские данные;{'altitude': 'Отметка устья (м)', 'total_correction': 'Суммарная поправка', 'wellhead_coordinates_offset': 'Смещение устья (м)'};Маркшейдерия;маркшейдерские данные altitude отметка устья (м) total_correction суммарная поправка wellhead_coordinates_offset смещение устья (м) маркшейдерия
nci_trajectory_type;Справочник типов траекторий;{'value': 'Тип (вертикальная/наклонно-направленная/горизонтальная)'};Справочники;справочник типов траекторий value тип (вертикальная наклонно-направленная горизонтальная) справочники
fuel;Учет топлива;{'fuel_type': 'Тип топлива', 'expense': 'Расход (л)', 'on_end_of_day': 'Остаток на конец дня (л)'};Топливо;учет топлива fuel_type тип топлива expense расход (л) on_end_of_day остаток на конец дня (л) топливо
mtr_consumption;Расход материально-технических ресурсов;{'name': 'Наименование МТР', 'expense_per_day': 'Суточный расход', 'balance': 'Остаток'};МТР;расход материально-технических ресурсов name наименование мтр expense_per_day суточный расход balance остаток мтр
mtr_plan;План потребления МТР;{'name': 'Наименование МТР', 'mtr_consumption_plan': 'Плановый объем'};Планирование;план потребления мтр name наименование мтр mtr_consumption_plan плановый объем планирование
mtr_input_control;Входной контроль МТР;{'name_mtr': 'Наименование', 'compliance_with_project_documentation': 'Соответствие проекту'};Контроль;входной контроль мтр name_mtr наименование compliance_with_project_documentation соответствие проекту контроль
vmr_fuel;Учет топлива для ВМР;{'fuel_name': 'Тип топлива', 'total_vmr_time': 'Общее время работы (часы)', 'work_per_shift': 'Расход за смену (л)'};Топливо;учет топлива для вмр fuel_name тип топлива total_vmr_time общее время работы (часы) work_per_shift расход за смену (л) топливо
nci_fuel_types;Справочник типов топлива;{'value': 'Тип топлива', 'unit': 'Единица измерения'};Справочники;справочник типов топлива value тип топлива unit единица измерения справочники
nci_mtr_name;Справочник наименований МТР;{'value': 'Наименование', 'unit': 'Единица измерения'};Справочники;справочник наименований мтр value наименование unit единица измерения справочники
project;Основные данные проекта;{'name': 'Наименование проекта', 'field': 'Месторождение', 'well_depth': 'Проектная глубина скважины (м)'};Основные данные;основные данные проекта name наименование проекта field месторождение well_depth проектная глубина скважины (м) основные данные
project_common_information;Общая информация по проекту;{'customer': 'Заказчик', 'project_horizon': 'Целевой горизонт'};Основные данные;общая информация по проекту customer заказчик project_horizon целевой горизонт основные данные
project_well_construction;Проект конструкции скважины;{'casing_column': 'Тип обсадной колонны', 'open_hole_diameter': 'Диаметр ствола (мм)'};Конструкция;проект конструкции скважины casing_column тип обсадной колонны open_hole_diameter диаметр ствола (мм) конструкция
project_drilling_mode;Режимы бурения по проекту;{'axial_load': 'Осевая нагрузка (тс)', 'rotating_frequency': 'Частота вращения (об/мин)'};Режимы бурения;режимы бурения по проекту axial_load осевая нагрузка (тс) rotating_frequency частота вращения (об мин) режимы бурения
project_possible_complication;Возможные осложнения;{'interval_from/to': 'Интервал риска (м)', 'risk_type': 'Тип риска'};Риски;возможные осложнения interval_from to интервал риска (м) risk_type тип риска риски
project_chisel_program;Программа работы долот;{'bit_code': 'Код долота', 'mechanical_drilling_speed': 'Механическая скорость (м/ч)'};Инструмент;программа работы долот bit_code код долота mechanical_drilling_speed механическая скорость (м ч) инструмент
project_knbk;Проектные КНБК;{'outer_diameter': 'Наружный диаметр (мм)', 'reference_knbk_number': 'Эталонный номер КНБК'};Инструмент;проектные кнбк outer_diameter наружный диаметр (мм) reference_knbk_number эталонный номер кнбк инструмент
project_liquors_plan;Параметры буровых растворов;{'density_min/max': 'Плотность (г/см³)', 'filtration': 'Фильтрация (мл/30 мин)'};Буровые растворы;параметры буровых растворов density_min max плотность (г см³) filtration фильтрация (мл 30 мин) буровые растворы
project_pressure_gradients_by_section;Градиенты давления по интервалам;{'interval_from/to': 'Интервал (м)', 'fracture_gradients': 'Градиент трещиноватости'};Геомеханика;градиенты давления по интервалам interval_from to интервал (м) fracture_gradients градиент трещиноватости геомеханика
work_of_special_technic;Работа спецтехники по проекту;{'vehicle_name': 'Тип техники', 'total_quantity': 'Общее количество'};Логистика;работа спецтехники по проекту vehicle_name тип техники total_quantity общее количество логистика
users;Пользователи системы;{'username': 'Логин', 'role_old': 'Роль (устаревшее)', 'organization': 'Организация'};Управление доступом;пользователи системы username логин role_old роль (устаревшее) organization организация управление доступом
permissions;Права доступа;{'code': 'Код права', 'group_title': 'Группа прав'};Управление доступом;права доступа code код права group_title группа прав управление доступом
user_permissions;Назначение прав пользователям;{'user_id': 'ID пользователя', 'permission_code': 'Код права'};Управление доступом;назначение прав пользователям user_id id пользователя permission_code код права управление доступом
user_settings;Персональные настройки;{'user_id': 'ID пользователя', 'data': 'Данные настроек (JSON)'};Конфигурация;персональные настройки user_id id пользователя data данные настроек (json) конфигурация
nci_casing_column_names;Наименования обсадных колонн;{'value': 'Название (кондуктор, эксплуатационная и т.д.)', 'order': 'Порядковый номер'};Конструкция скважин;наименования обсадных колонн value название (кондуктор, эксплуатационная и т.д.) order порядковый номер конструкция скважин
nci_work_types;Типы работ;{'key': 'Код', 'value': 'Наименование', 'is_show_in_risk_map': 'Отображение в карте рисков'};Классификатор;типы работ key код value наименование is_show_in_risk_map отображение в карте рисков классификатор
nci_operation_flags;Флаги операций;{'key': 'Код', 'value': 'Описание'};Маркеры;флаги операций key код value описание маркеры
nci_drilling_rig_type;Типы буровых установок;{'value': 'Наименование', 'order': 'Порядок сортировки'};Оборудование;типы буровых установок value наименование order порядок сортировки оборудование
nci_bit_type;Типы долот;{'value': 'Наименование (PDC, шарошечное)'};Инструмент;типы долот value наименование (pdc, шарошечное) инструмент
nci_threaded_connection_type;Типы резьбовых соединений;{'value': 'Наименование'};Комплектующие;типы резьбовых соединений value наименование комплектующие
nci_contractor;Подрядные организации;{'value': 'Наименование'};Контрагенты;подрядные организации value наименование контрагенты
nci_employee_position;Должности сотрудников;{'value': 'Наименование'};Персонал;должности сотрудников value наименование персонал
nci_service_type;Типы сервисных услуг;{'code': 'Код услуги', 'title': 'Наименование'};Сервисы;типы сервисных услуг code код услуги title наименование сервисы
nci_construction_cycle;Циклы строительства скважин;{'value': 'Наименование', 'type': 'Тип (бурение, крепление)'};Техпроцессы;циклы строительства скважин value наименование type тип (бурение, крепление) техпроцессы
nci_well_construction_stages;Этапы строительства скважин;{'value': 'Наименование'};Техпроцессы;этапы строительства скважин value наименование техпроцессы
nci_well_completion_operation_types;Типы операций по завершению скважин;{'value': 'Наименование'};Завершение;типы операций по завершению скважин value наименование завершение
flyway_schema_history;История миграций базы данных;{'script': 'Имя скрипта', 'checksum': 'Контрольная сумма'};Системные;история миграций базы данных script имя скрипта checksum контрольная сумма системные
tasks;Фоновые задачи системы;{'status': 'Статус выполнения', 'payload': 'Данные задачи'};Системные;фоновые задачи системы status статус выполнения payload данные задачи системные
file_logos;Логотипы организаций;{'file_code': 'Код файла', 'content': 'Бинарные данные'};Медиа;логотипы организаций file_code код файла content бинарные данные медиа
files;Файловое хранилище документов;{'original_filename': 'Исходное имя файла', 'file_size': 'Размер (байты)', 'document_date': 'Дата документа', 'group_id': 'Группа файлов'};Документооборот;файловое хранилище документов original_filename исходное имя файла file_size размер (байты) document_date дата документа group_id группа файлов документооборот
file_tags;Теги для классификации файлов;{'title': 'Название тега', 'well_id': 'Привязка к скважине (опционально)'};Методанные;теги для классификации файлов title название тега well_id привязка к скважине (опционально) методанные
file_tag_links;Связи файлов с тегами;{'file_id': 'ID файла', 'tag_id': 'ID тега'};Методанные;связи файлов с тегами file_id id файла tag_id id тега методанные
file_subgroups;Подгруппы файлов;{'title': 'Название подгруппы', 'has_plan_fact': 'Флаг плановых/фактических данных'};Классификация;подгруппы файлов title название подгруппы has_plan_fact флаг плановых фактических данных классификация
tasks;Фоновые задачи системы;{'payload': 'Данные задачи (JSON)', 'status': 'Статус (в работе/завершено)', 'retry_count': 'Количество попыток выполнения'};Автоматизация;фоновые задачи системы payload данные задачи (json) status статус (в работе завершено) retry_count количество попыток выполнения автоматизация
schedulers;Планировщики заданий;{'root_id': 'Корневой элемент расписания'};Планирование;планировщики заданий root_id корневой элемент расписания планирование
scheduler_items;Элементы расписаний;{'title': 'Название элемента', 'type': 'Тип (задача/группа)', 'data': 'Параметры (JSON)'};Планирование;элементы расписаний title название элемента type тип (задача группа) data параметры (json) планирование
scheduler_events;События планировщика;{'date_from/to': 'Период действия', 'status': 'Статус (активно/отменено)'};Планирование;события планировщика date_from to период действия status статус (активно отменено) планирование
keycloak_events;События аутентификации (Keycloak);{'type': 'Тип события (логин/логаут)', 'ip_address': 'IP-адрес', 'error': 'Флаг ошибки'};Безопасность;события аутентификации (keycloak) type тип события (логин логаут) ip_address ip-адрес error флаг ошибки безопасность
keycloak_admin_events;Административные события Keycloak;{'operation_type': 'Тип операции', 'resource_path': 'Путь к ресурсу'};Аудит;административные события keycloak operation_type тип операции resource_path путь к ресурсу аудит
mapping_price_by_work_operation;Сопоставление работ и цен;{'work_type': 'Тип работы', 'price_service_code': 'Код услуги в прайсе'};Интеграция;сопоставление работ и цен work_type тип работы price_service_code код услуги в прайсе интеграция
